{
  "moe_backend": "marlin",
  "load_time_s": 85.4193668700027,
  "64K": {
    "dflash_tps": 53.04982209139236,
    "dflash_itl_ms": 18.850204592151794,
    "acceptance": 0.19487179487179487,
    "tok_per_step": 3.923076923076923,
    "prefill_ms": 10810.03679800051,
    "baseline_tps": 14.698344580257022,
    "baseline_itl_ms": 68.0348725354562,
    "speedup": 3.609237884016508,
    "gpu_mem_mb": 82848.8701171875
  },
  "128K": {
    "dflash_tps": 36.6767928947587,
    "dflash_itl_ms": 27.265197447045733,
    "acceptance": 0.18,
    "tok_per_step": 3.642857142857143,
    "prefill_ms": 26300.61079700681,
    "baseline_tps": 14.116140626144734,
    "baseline_itl_ms": 70.84089245667359,
    "speedup": 2.5982167411132906,
    "gpu_mem_mb": 82848.8701171875
  }
}