{
  "moe_backend": "marlin",
  "load_time_s": 76.40286563299742,
  "64K": {
    "dflash_tps": 48.88506368698316,
    "dflash_itl_ms": 20.45614599999538,
    "acceptance": 0.15411255411255412,
    "tok_per_step": 3.311688311688312,
    "prefill_ms": 21836.014734995842,
    "baseline_tps": 14.914267771433503,
    "baseline_itl_ms": 67.04988909448042,
    "speedup": 3.277738098588833,
    "gpu_mem_mb": 81691.6201171875
  },
  "128K": {
    "dflash_tps": 44.10818374721777,
    "dflash_itl_ms": 22.671529749013466,
    "acceptance": 0.19895833333333332,
    "tok_per_step": 3.984375,
    "prefill_ms": 71357.11042500043,
    "baseline_tps": 14.975635575419684,
    "baseline_itl_ms": 66.77512917323881,
    "speedup": 2.9453296673174196,
    "gpu_mem_mb": 81691.6201171875
  }
}