{
  "moe_backend": "marlin",
  "load_time_s": 81.49405577599828,
  "64K": {
    "dflash_tps": 38.888892738787256,
    "dflash_itl_ms": 25.714283168638882,
    "acceptance": 0.11065292096219931,
    "tok_per_step": 2.6288659793814433,
    "prefill_ms": 16925.287022000703,
    "baseline_tps": 14.773112739660599,
    "baseline_itl_ms": 67.69054143310994,
    "speedup": 2.632410205222647,
    "gpu_mem_mb": 82075.9951171875
  },
  "128K": {
    "dflash_tps": 39.75590609532913,
    "dflash_itl_ms": 25.1534953725401,
    "acceptance": 0.1880597014925373,
    "tok_per_step": 3.8059701492537314,
    "prefill_ms": 50093.5599870063,
    "baseline_tps": 13.827442545375447,
    "baseline_itl_ms": 72.3199533621962,
    "speedup": 2.8751452746860546,
    "gpu_mem_mb": 82075.9951171875
  }
}