{
  "moe_backend": "marlin",
  "load_time_s": 79.82341037800506,
  "64K": {
    "dflash_tps": 44.95677798242389,
    "dflash_itl_ms": 22.2435869490237,
    "acceptance": 0.1475,
    "tok_per_step": 3.1875,
    "prefill_ms": 17070.891233997827,
    "baseline_tps": 13.850963115983005,
    "baseline_itl_ms": 72.19714554333574,
    "speedup": 3.245751043156489,
    "gpu_mem_mb": 82075.9951171875
  },
  "128K": {
    "dflash_tps": 39.734218956231025,
    "dflash_itl_ms": 25.167224278437274,
    "acceptance": 0.17370892018779344,
    "tok_per_step": 3.591549295774648,
    "prefill_ms": 48443.74180900195,
    "baseline_tps": 15.259024366240252,
    "baseline_itl_ms": 65.5349893937154,
    "speedup": 2.603981617864166,
    "gpu_mem_mb": 82075.9951171875
  }
}