{
  "64K": {
    "warmup": {
      "prefill_ms": 20334.623330003524,
      "decode_ms": 9227.881991995673,
      "total_ms": 29562.505321999197,
      "num_tokens": 256,
      "num_steps": 70,
      "acceptance_rate": 0.17714285714285713,
      "tokens_per_step": 3.642857142857143,
      "tok_per_s": 27.6336433670466
    },
    "measured": {
      "prefill_ms": 20811.969577996933,
      "decode_ms": 5698.607035999885,
      "total_ms": 26510.57661399682,
      "num_tokens": 256,
      "num_steps": 78,
      "acceptance_rate": 0.15128205128205127,
      "tokens_per_step": 3.269230769230769,
      "tok_per_s": 44.74777755144111
    },
    "baseline_tps": 13.838096622535701,
    "baseline_itl_ms": 72.26427356862605,
    "speedup": 3.2336656385653635,
    "itl_ms": 22.347478572548567
  }
}