{
  "128K": {
    "warmup": {
      "prefill_ms": 68094.9544200048,
      "decode_ms": 10406.56975699676,
      "total_ms": 78501.52417700156,
      "num_tokens": 256,
      "num_steps": 69,
      "acceptance_rate": 0.17971014492753623,
      "tokens_per_step": 3.6956521739130435,
      "tok_per_s": 24.50375156795092
    },
    "measured": {
      "prefill_ms": 66906.65629099385,
      "decode_ms": 6370.224760001292,
      "total_ms": 73276.88105099514,
      "num_tokens": 256,
      "num_steps": 69,
      "acceptance_rate": 0.18067632850241547,
      "tokens_per_step": 3.6956521739130435,
      "tok_per_s": 40.029984750482846
    },
    "baseline_tps": 13.845445521684093,
    "baseline_itl_ms": 72.22591706665173,
    "speedup": 2.891202358767708,
    "itl_ms": 24.98127356863252
  }
}